"","external_gene_name","geneid","log2foldchange","logCPM","F","PValue","p.val_adj","color"
"1","SNORD17","ENSG00000212232",-6.78683438488811,3.71944596340029,161.063547826742,6.21468801432572e-27,1.33646865748075e-22,"Downregulated"
"2","TNNT1","ENSG00000105048",-6.10586921786352,4.7333704113415,128.948802509954,5.55241454296062e-23,1.19404674746368e-18,"Downregulated"
"3","TCAP","ENSG00000173991",-5.98890565335767,4.48629924911899,170.716917041474,5.2036273864177e-28,1.11904006944913e-23,"Downregulated"
"4","NRAP","ENSG00000197893",-5.32969202351072,3.89998094473227,112.032231857875,9.6390287118977e-21,2.0728731244936e-16,"Downregulated"
"5","CA3","ENSG00000164879",-5.31328717911281,3.81060717893058,159.797613960414,9.39018200184388e-27,2.01935863949653e-22,"Downregulated"
"6","CST1","ENSG00000170373",-5.22250959179772,6.06389989573065,114.247033185825,4.51734704167497e-21,9.71455481312202e-17,"Downregulated"
"7","SPINK1","ENSG00000164266",-5.10540157146394,3.83378311375506,182.340242868205,2.57538676025118e-29,5.53836922792017e-25,"Downregulated"
"8","ACTA1","ENSG00000143632",-4.97276932255063,5.0373907057187,110.070277405196,1.68813612116197e-20,3.63033672855882e-16,"Downregulated"
"9","IGF2","ENSG00000167244",-4.9702658106405,2.08032706289822,134.070324132456,1.24140485751712e-23,2.66964114609056e-19,"Downregulated"
"10","CKM","ENSG00000104879",-4.87376294730705,4.39613502831481,127.883255217277,7.25132063922601e-23,1.55939650346555e-18,"Downregulated"
"11","RN7SL1","ENSG00000276168",-4.78927800179753,8.8156128447913,133.188817839463,1.47360146563277e-23,3.16897995184326e-19,"Downregulated"
"12","TNNC1","ENSG00000114854",-4.74631951782043,4.23017186076213,157.271041819217,1.71344525992179e-26,3.6847640314618e-22,"Downregulated"
"13","XIRP1","ENSG00000168334",-4.6656469583349,1.64593021856055,140.37794452329,1.88814885471288e-24,4.06046411206005e-20,"Downregulated"
"14","ODAM","ENSG00000109205",-4.65403802627596,1.35200539926912,182.679748212045,1.64821317449767e-29,3.54448243175724e-25,"Downregulated"
"15",NA,"ENSG00000228561",-4.5785466111962,0.119283111475406,243.265343007686,7.17318807537925e-38,1.54259409561031e-33,"Downregulated"
"16","ACTN2","ENSG00000077522",-4.56857366861628,3.80644310380251,111.297268437712,1.17183413995365e-20,2.52002931797033e-16,"Downregulated"
"17","KLHL41","ENSG00000239474",-4.37805777717504,2.76714904502874,157.532640206191,1.76468700877103e-26,3.7949594123621e-22,"Downregulated"
"18","MYOM3","ENSG00000142661",-4.37208817795096,1.79494011784468,152.447235040196,7.37807342228295e-26,1.58665468946195e-21,"Downregulated"
"19","TNNT3","ENSG00000130595",-4.33359682474785,0.812642997048766,161.142211231477,3.38582730808304e-27,7.28122162603258e-23,"Downregulated"
"20","SNORA73B","ENSG00000200087",-4.28528760734754,3.34290809537627,109.161187486227,2.32073646789745e-20,4.99074377421347e-16,"Downregulated"
"21","DACH2","ENSG00000126733",-4.16765682983426,1.09248914310148,139.089007419858,2.58611349571646e-24,5.56143707253824e-20,"Downregulated"
"22","MYL3","ENSG00000160808",-4.14711181663098,2.04251808188382,146.88026879708,3.47395065246916e-25,7.47073087813493e-21,"Downregulated"
"23","RLN2","ENSG00000107014",-4.03873571368409,3.52818105241085,142.913754391385,9.23748500514271e-25,1.98652115035594e-20,"Downregulated"
"24",NA,"ENSG00000235140",-4.02160923428768,0.939826724152421,140.911746944486,1.51006939156284e-24,3.24740422655589e-20,"Downregulated"
"25","LINC01087","ENSG00000224559",-3.99175956529942,0.1797161509632,143.451762692633,2.71699797834338e-25,5.84290415242743e-21,"Downregulated"
"26","MYOT","ENSG00000120729",-3.82766385119914,0.579808925685448,112.063295807707,7.77364441913886e-21,1.67172223233581e-16,"Downregulated"
"27",NA,"ENSG00000224099",-3.76370738858963,4.38960392939051,40.2670124629279,1.66257373960204e-09,3.57536482701418e-05,"Downregulated"
"28","VGLL3","ENSG00000206538",-3.72430107510094,6.30584880858959,140.441447400375,1.80598462556521e-24,3.88376993727799e-20,"Downregulated"
"29","SERPINA4","ENSG00000100665",-3.71864856752849,0.706674001859911,96.2023810111422,1.48160289908675e-18,3.18618703448607e-14,"Downregulated"
"30","SCARNA21","ENSG00000252835",-3.65203379516347,-0.15218808057081,124.346677327627,8.49860801624665e-23,1.82762565389384e-18,"Downregulated"
"31","MYL11","ENSG00000180209",-3.62713514654985,0.349750211770421,141.36402316276,1.08271955991788e-24,2.3283884136034e-20,"Downregulated"
"32","MYH3","ENSG00000109063",-3.60046056535326,4.56839891768848,165.962653248562,1.60826117494954e-27,3.45856565672899e-23,"Downregulated"
"33","TG","ENSG00000042832",-3.54896783550403,5.31336289981599,65.0478877399951,8.91450009030669e-14,1.91706324442045e-09,"Downregulated"
"34","TNNI2","ENSG00000130598",-3.54707593538167,0.49897651250205,155.54596485027,2.4857110529824e-26,5.34552161943864e-22,"Downregulated"
"35","TNNI1","ENSG00000159173",-3.51256567858199,4.48217072454026,154.563217425414,3.47383744333194e-26,7.47048742188535e-22,"Downregulated"
"36","DSCAM-AS1","ENSG00000235123",-3.51242540476359,2.94687120020802,67.1364689240588,4.13605126304998e-14,8.89457824118898e-10,"Downregulated"
"37","RLN1","ENSG00000107018",-3.46475306075271,6.43480737372324,59.0241019136921,8.80535764249703e-13,1.89359216101899e-08,"Downregulated"
"38","CASQ1","ENSG00000143318",-3.42817846844297,1.86462582515516,123.381990807384,3.02368053416555e-22,6.50242498872302e-18,"Downregulated"
"39","PIP","ENSG00000159763",-3.41157343078606,2.85293601525817,74.6681209855581,2.62529569512629e-15,5.64569839236908e-11,"Downregulated"
"40","CST4","ENSG00000101441",-3.33342180658609,0.606536921320474,77.9515250611334,8.28779088752364e-16,1.78228943036196e-11,"Downregulated"
"41",NA,"ENSG00000265413",-3.32876116528419,0.865580057884808,170.418304007306,6.09028637106911e-28,1.30971608409841e-23,"Downregulated"
"42","PON1","ENSG00000005421",-3.32532908947397,1.95629598549047,55.6539291817923,3.34162444336921e-12,7.18616336546549e-08,"Downregulated"
"43","STAP1","ENSG00000035720",-3.32400993789125,1.66319002429922,134.47910052789,1.14965053425191e-23,2.47232347390873e-19,"Downregulated"
"44","MIR133A1HG","ENSG00000265142",-3.31641077906041,-0.557785737467802,144.66723874314,1.36485410771054e-25,2.93511875863151e-21,"Downregulated"
"45","PAH","ENSG00000171759",-3.30414144232519,1.24788729326205,90.0942303539574,1.27515944668008e-17,2.74223039008551e-13,"Downregulated"
"46","KCNJ16","ENSG00000153822",-3.30321913832961,0.215011220402957,82.6134785256615,1.46435488743609e-16,3.1490951854313e-12,"Downregulated"
"47","SLC26A3","ENSG00000091138",-3.26246808085873,3.3429221582332,63.0849319194403,1.87729547541416e-13,4.03712391987815e-09,"Downregulated"
"48","MYBPC2","ENSG00000086967",-3.22131119910185,0.483447754202303,101.737724817982,2.56799974911694e-19,5.52248346047599e-15,"Downregulated"
"49","FAR2P4","ENSG00000231431",-3.20295598412321,2.36719708893657,147.453125900466,2.64147728770789e-25,5.68049690721582e-21,"Downregulated"
"50","HAO1","ENSG00000101323",-3.18950325676984,0.476708705380127,90.9037634157467,9.33094499062461e-18,2.00661972023382e-13,"Downregulated"
"51",NA,"ENSG00000204434",-3.18920979989271,-0.223112214352208,139.074804496542,1.63977894811756e-24,3.52634462792681e-20,"Downregulated"
"52","PRIM2BP","ENSG00000283453",-3.18456267111569,0.56202359357524,88.8693394774972,1.88880803926168e-17,4.06188168843225e-13,"Downregulated"
"53","PTPRQ","ENSG00000139304",-3.17677140882328,0.834729587558469,98.7005055569879,7.26277828873407e-19,1.56186047099226e-14,"Downregulated"
"54","RPL3L","ENSG00000140986",-3.13581245298223,0.439950870042097,141.523348049737,1.46831089165789e-24,3.15760257251029e-20,"Downregulated"
"55","MYOZ1","ENSG00000177791",-3.12118818862933,1.69856948844475,128.747009708858,6.04421370795121e-23,1.29980815789491e-18,"Downregulated"
"56","SRARP","ENSG00000183888",-3.0837532667979,3.15844835570247,69.4099862366327,1.76975704723368e-14,3.80586253007603e-10,"Downregulated"
"57","PROC","ENSG00000115718",-3.05345868540999,0.767663132785376,125.991628831266,1.4434517280856e-22,3.10414294124809e-18,"Downregulated"
"58","NEB","ENSG00000183091",-3.05341561628449,4.52601527611866,99.1495145864975,5.65999801964499e-19,1.21718257412466e-14,"Downregulated"
"59",NA,"ENSG00000233766",-3.02788042921924,0.827291693470466,76.8618990191909,1.26340538573412e-15,2.71695328202123e-11,"Downregulated"
"60",NA,"ENSG00000237352",-2.98416341586545,1.96291337126599,98.0690203032385,8.44872897401621e-19,1.81689916586219e-14,"Downregulated"
"61","LINC03007","ENSG00000223561",-2.98156877135724,2.12032298544392,136.670330531022,5.6867503739553e-24,1.22293566791909e-19,"Downregulated"
"62",NA,"ENSG00000228314",-2.97852714110842,-0.261683578641512,141.967042219946,8.51645440927002e-25,1.83146352071352e-20,"Downregulated"
"63",NA,"ENSG00000253369",-2.97766553914124,2.24240084784737,58.8532846030373,9.54380971988509e-13,2.05239628026129e-08,"Downregulated"
"64","LOC105374235","ENSG00000223930",-2.96714515278866,3.51166772949146,87.3283333745823,3.01340445454782e-17,6.48032627950508e-13,"Downregulated"
"65","TMPRSS11E","ENSG00000087128",-2.95091357565556,2.38091667890427,88.9623242324942,1.75437448482684e-17,3.77278232962011e-13,"Downregulated"
"66","DDN","ENSG00000181418",-2.94969400723748,-0.303286759236726,113.631959085275,4.29169286866132e-21,9.22928551405616e-17,"Downregulated"
"67",NA,"ENSG00000236516",-2.94306780752522,0.379580375694437,146.285401079286,3.95877018066981e-25,8.51333527353043e-21,"Downregulated"
"68","ABRA","ENSG00000174429",-2.93295974173502,-0.88581289437663,105.61217358697,2.83830639398887e-20,6.10377790027306e-16,"Downregulated"
"69","ATOH1","ENSG00000172238",-2.93077715312325,1.55099619100926,60.7604482870169,4.66799377758826e-13,1.00385206187036e-08,"Downregulated"
"70","PCAT4","ENSG00000251321",-2.91514089675389,5.92640481152084,48.7911499047227,4.9697999673419e-11,1.06875548297688e-06,"Downregulated"
"71","CEL","ENSG00000170835",-2.88189508515433,0.965025913213685,116.024043442848,2.94880992326514e-21,6.34141573998167e-17,"Downregulated"
"72","CCDC141","ENSG00000163492",-2.86206855169596,1.86384821984849,116.888452415282,2.10599700709835e-21,4.52894656376501e-17,"Downregulated"
"73",NA,"ENSG00000285741",-2.86105085012529,-0.60319581823165,122.880236838388,1.83132200761927e-22,3.93825797738524e-18,"Downregulated"
"74","AMPD1","ENSG00000116748",-2.85919589844854,-0.269266821482295,81.5676562248865,2.02133375550674e-16,4.34687824121725e-12,"Downregulated"
"75","CAVIN4","ENSG00000170681",-2.85791887677897,0.499611713630322,113.588083353522,6.26247390556473e-21,1.3467450133917e-16,"Downregulated"
"76","C1QTNF9B","ENSG00000205863",-2.85455856171449,-0.862492558259115,150.242265133637,3.02583787500924e-26,6.50706435020738e-22,"Downregulated"
"77","ANPEP","ENSG00000166825",-2.83726515027119,8.41129331057511,65.5075972153087,7.4994617424982e-14,1.61275924772424e-09,"Downregulated"
"78","CHRNA1","ENSG00000138435",-2.83528602139763,-0.00213268382946143,95.948582605222,1.64435731586083e-18,3.53619040775872e-14,"Downregulated"
"79","TRIM54","ENSG00000138100",-2.82121715104215,0.399942997904553,85.4690386594911,6.15004022510252e-17,1.3225661504083e-12,"Downregulated"
"80",NA,"ENSG00000254314",-2.785372571287,-0.879630919935449,130.092195309003,1.39550797032941e-23,3.0010398901934e-19,"Downregulated"
"81",NA,"ENSG00000253821",-2.78351739807351,2.17278722719525,72.9397057069888,4.92223124000836e-15,1.0585258281638e-10,"Downregulated"
"82","H19","ENSG00000130600",-2.78011132924594,2.12483908431016,81.4170018542772,2.39291878415121e-16,5.14597184531718e-12,"Downregulated"
"83","DDIT4L","ENSG00000145358",-2.76648688605204,1.79659697612567,125.428979042698,1.57071472774865e-22,3.37782202202348e-18,"Downregulated"
"84","RN7SL4P","ENSG00000263740",-2.76627228141309,-0.757700543168219,86.5073872320302,2.7573165204246e-17,5.92960917717311e-13,"Downregulated"
"85","TMOD4","ENSG00000163157",-2.75982985840814,0.528369873554347,125.616310803027,1.6189038924149e-22,3.48145282063824e-18,"Downregulated"
"86","ANKRD1","ENSG00000148677",-2.75563660151338,1.27221826962482,58.0304010018003,1.33672307577296e-12,2.87462297444975e-08,"Downregulated"
"87","LINC02995","ENSG00000253955",-2.75229348424528,-0.295448258266284,91.7705824040939,6.01431522159785e-18,1.29337848840462e-13,"Downregulated"
"88","CACNG1","ENSG00000108878",-2.74089953065315,-0.771430628186467,141.430851025583,6.11011299782662e-25,1.31397980018261e-20,"Downregulated"
"89","CSF3","ENSG00000108342",-2.72098454795677,0.333443930977268,69.9343822511045,1.53584245670162e-14,3.30282920313682e-10,"Downregulated"
"90","ATP8B4","ENSG00000104043",-2.70511136082762,3.76214037382235,149.116554208591,1.56545287605911e-25,3.36650640996512e-21,"Downregulated"
"91","LINC00506","ENSG00000281392",-2.69759537873638,0.0656435227099595,150.947227436836,1.04944892303539e-25,2.25683990898761e-21,"Downregulated"
"92","NTM-AS3","ENSG00000238117",-2.69516596037153,1.43605676882036,80.6853648260992,3.16974934033178e-16,6.8165459563835e-12,"Downregulated"
"93",NA,"ENSG00000249307",-2.69504836447142,4.72055129473924,84.0588504856802,9.290149503922e-17,1.99784665081843e-12,"Downregulated"
"94","LINC01193","ENSG00000258710",-2.66576309527961,-1.24706678410508,102.907668004465,5.29651806908416e-20,1.13901621075655e-15,"Downregulated"
"95","FABP5","ENSG00000164687",-2.65293745972095,4.73735957938981,81.1840606246095,2.53858616006699e-16,5.45922953722407e-12,"Downregulated"
"96","PCOTH","ENSG00000205861",-2.6432777851657,-0.265756914780133,130.297085499398,3.26398871499793e-23,7.01920773160306e-19,"Downregulated"
"97","LOC105370340","ENSG00000287734",-2.6411650835605,1.04813086160369,68.5646185605099,2.52502220479345e-14,5.43006025140832e-10,"Downregulated"
"98","RPSAP47","ENSG00000188856",-2.63839419795911,0.477344016671658,171.645219585132,4.54712344705072e-28,9.77858897288257e-24,"Downregulated"
"99","POTEE","ENSG00000188219",-2.62415021469106,0.19517412192823,140.83924157232,1.8842582106638e-24,4.05209728203251e-20,"Downregulated"
"100","TFF3","ENSG00000160180",-2.61476710935246,8.25168037567314,72.2794856002083,6.14427450200885e-15,1.321326231657e-10,"Downregulated"
"101","AKR7A3","ENSG00000162482",-2.61405086040067,0.615748493097886,119.525572456424,1.01710184417529e-21,2.18727751589897e-17,"Downregulated"
"102","DIO1","ENSG00000211452",-2.61262023436731,1.5713365133655,60.1689714864446,5.80854363598812e-13,1.24912730891925e-08,"Downregulated"
"103","NMRK2","ENSG00000077009",-2.61041267096559,-1.22575951596276,102.866289105231,6.05666295146882e-20,1.30248536771337e-15,"Downregulated"
"104","ACTC1","ENSG00000159251",-2.59858047428489,3.58435455436396,68.487921510309,2.47655171977481e-14,5.32582447337573e-10,"Downregulated"
"105","MYOM1","ENSG00000101605",-2.58443675507872,3.54829223233976,112.79624089666,7.11429177025323e-21,1.52992844519296e-16,"Downregulated"
"106","LMOD3","ENSG00000163380",-2.58290276030084,0.642230721141268,128.711734230808,6.45603216876859e-23,1.38836971789369e-18,"Downregulated"
"107","MTND1P23","ENSG00000225972",-2.56394334939159,4.27928119802596,28.4644763634199,2.76756711850919e-07,0.00595165308835402,"Downregulated"
"108",NA,"ENSG00000229403",-2.55648175224068,-0.330490518543672,104.899962330267,8.44108282289376e-20,1.8152548610633e-15,"Downregulated"
"109",NA,"ENSG00000234964",-2.54916343206566,-0.83094726857277,83.8975601714773,7.37722476100463e-17,1.58647218485405e-12,"Downregulated"
"110","SLC6A19","ENSG00000174358",-2.53523599255845,0.219184793019368,63.4941801278492,1.68468890613824e-13,3.62292349265029e-09,"Downregulated"
"111",NA,"ENSG00000236666",-2.53044052961158,1.58515548837898,105.321965027046,8.00694880979694e-20,1.72189434154683e-15,"Downregulated"
"112","FAR2P1","ENSG00000286058",-2.49692209215332,2.04172668989899,77.5855089617946,9.24131309827681e-16,1.98734438178443e-11,"Downregulated"
"113","MYOM2","ENSG00000036448",-2.49403333528383,3.00762558251282,125.606162321221,1.40879583782471e-22,3.02961544924204e-18,"Downregulated"
"114","SCGB1D2","ENSG00000124935",-2.48677850808625,2.39993112394924,70.6560273125545,1.12303908705588e-14,2.41509555671367e-10,"Downregulated"
"115","TTN","ENSG00000155657",-2.48623182585316,4.66667960471036,101.57418992436,2.55780789206682e-19,5.5005658718897e-15,"Downregulated"
"116",NA,"ENSG00000279317",-2.48068576918957,-0.498884835655792,155.937146718021,2.03729261634879e-26,4.38119777145807e-22,"Downregulated"
"117","P3H2-AS1","ENSG00000225764",-2.48018655612545,-0.659187194348263,78.3214994505077,6.17117470863718e-16,1.32711112109243e-11,"Downregulated"
"118","ST18","ENSG00000147488",-2.46674677622194,0.614698898681832,122.089645122324,4.65850646234612e-22,1.00181181472753e-17,"Downregulated"
"119","ECT2L","ENSG00000203734",-2.45501545963334,0.992045558018648,81.5189503848735,2.3992018374307e-16,5.15948355139473e-12,"Downregulated"
"120","LOC646012","ENSG00000185296",-2.45280085560958,-0.383165957682006,97.0908979477995,1.09537579794327e-18,2.35560565347699e-14,"Downregulated"
"121","SCN4A","ENSG00000007314",-2.4465997828995,-0.983159368341835,92.9393966992875,2.96080494602682e-18,6.36721103643068e-14,"Downregulated"
"122",NA,"ENSG00000180178",-2.42263834849998,1.15457810371897,76.1206181491279,1.60544140059185e-15,3.45250173197277e-11,"Downregulated"
"123","HECW1","ENSG00000002746",-2.41359170444269,2.10718633216115,67.748078743692,3.29281002396729e-14,7.08118795654166e-10,"Downregulated"
"124","GNMT","ENSG00000124713",-2.41252954311865,5.50743619967414,159.170066698857,9.86482418990105e-27,2.12143044203822e-22,"Downregulated"
"125","TRIM63","ENSG00000158022",-2.40012454206149,-0.551823032892196,81.1146730314847,2.44865249987172e-16,5.26582720097414e-12,"Downregulated"
"126","IL31RA","ENSG00000164509",-2.38424818121827,0.900901952076438,124.326606439648,2.30798167193257e-22,4.96331458549099e-18,"Downregulated"
"127","HPSE2","ENSG00000172987",-2.36698743217712,4.05289305733808,91.8733312605217,6.38846825356839e-18,1.37384009792988e-13,"Downregulated"
"128",NA,"ENSG00000257398",-2.36103293557058,2.13377451549144,82.6454217950676,1.54374294201132e-16,3.31981919679534e-12,"Downregulated"
"129","C1QTNF9","ENSG00000240654",-2.35890997864131,-1.46639248581898,173.238021044539,2.10004476076519e-29,4.51614625802555e-25,"Downregulated"
"130","LSAMP-AS1","ENSG00000240922",-2.34963173838489,-1.08308241724979,104.451806449876,5.94836830780186e-20,1.27919660459279e-15,"Downregulated"
"131","HNF1A","ENSG00000135100",-2.33763325506241,0.233084995771918,45.2957549170737,2.12645248400491e-10,4.57293606685256e-06,"Downregulated"
"132","LOC124901407","ENSG00000287094",-2.33707944016129,-0.598948305629666,60.2813098835171,5.22365919842703e-13,1.12334791062173e-08,"Downregulated"
"133","SNTG2-AS1","ENSG00000235688",-2.33321333632278,1.99719336772956,90.177044586207,1.15745523123988e-17,2.48910747478137e-13,"Downregulated"
"134",NA,"ENSG00000224224",-2.33021858000289,-1.203765803607,115.369928991914,1.42362296340301e-21,3.06150118279817e-17,"Downregulated"
"135","KCTD16","ENSG00000183775",-2.32621167740843,-0.21867696598417,88.207806427931,2.33995660686638e-17,5.03207668306616e-13,"Downregulated"
"136","MYH7B","ENSG00000078814",-2.32115370710482,1.4932907042162,132.717455920502,1.81148470550381e-23,3.89559785918594e-19,"Downregulated"
"137","CAMK2A","ENSG00000070808",-2.29928907256917,-0.680092335754964,101.144750712731,2.64994161826926e-19,5.69869945008804e-15,"Downregulated"
"138",NA,"ENSG00000215478",-2.29643217782993,-0.457028539251836,84.0420001236359,9.3781843563901e-17,2.01677854584169e-12,"Downregulated"
"139","LINC00578","ENSG00000228221",-2.29501539799038,3.34526889097145,103.621045491402,1.31957620764752e-19,2.837748634546e-15,"Downregulated"
"140","CCK","ENSG00000187094",-2.29269146661656,2.07780173934614,55.6699960793997,3.26314076814356e-12,7.01738422189273e-08,"Downregulated"
"141","SLC6A3","ENSG00000142319",-2.2893829405418,-0.0807805896537405,81.2016824632053,2.70560407492821e-16,5.81840156313311e-12,"Downregulated"
"142",NA,"ENSG00000266149",-2.28730268772652,-1.43616054495121,84.3015313981672,4.21914073036748e-17,9.07326214065527e-13,"Downregulated"
"143","ALB","ENSG00000163631",-2.28404492913373,4.19578276026308,24.8011260405725,1.45122774537871e-06,0.0312086526643692,"Downregulated"
"144","ALOX15B","ENSG00000179593",-2.2826993563543,7.91030644358712,40.1565993773948,1.73985725140204e-09,3.7415630191401e-05,"Downregulated"
"145","KCNMB2","ENSG00000197584",-2.28092807203018,1.17713943935207,54.5829491827301,5.07538222709774e-12,1.09146094793737e-07,"Downregulated"
"146","GMNC","ENSG00000205835",-2.27426120032006,2.09562009312683,66.90031946533,4.50557120645984e-14,9.68923087949189e-10,"Downregulated"
"147","UNC5A","ENSG00000113763",-2.27411643079801,4.14014358502459,42.0198216928638,7.97834864858534e-10,1.71574387687828e-05,"Downregulated"
"148","TMEM132D","ENSG00000151952",-2.23998219286681,0.272930429921641,83.7853867432481,1.11470014369601e-16,2.39716265901828e-12,"Downregulated"
"149",NA,"ENSG00000189423",-2.21753301197447,0.21169959489788,69.1753453633846,2.04732647877877e-14,4.40277559261375e-10,"Downregulated"
"150",NA,"ENSG00000226306",-2.21179179082952,-0.652295602904088,69.8001032664762,1.4805479745403e-14,3.18391841924891e-10,"Downregulated"
"151","NPR3","ENSG00000113389",-2.20725962188166,5.68971497580727,76.1196150268063,1.53302215749415e-15,3.29676414969117e-11,"Downregulated"
"152",NA,"ENSG00000260719",-2.20161646165814,0.852858050349192,63.816648812793,1.47495375869886e-13,3.17188805808191e-09,"Downregulated"
"153","PTPRZ1","ENSG00000106278",-2.19979242241941,1.62045679910659,64.9446210478896,9.4298211659919e-14,2.02788304174656e-09,"Downregulated"
"154","CYP4F2","ENSG00000186115",-2.19795978760149,1.8495290149226,29.8084035320868,1.52538894696486e-07,0.00328034893044793,"Downregulated"
"155",NA,"ENSG00000265542",-2.18383089103618,-0.227209636180883,85.1748441831615,6.74998009187291e-17,1.45158321875727e-12,"Downregulated"
"156","P3H2","ENSG00000090530",-2.17770850659915,6.48178512536021,66.1207535896812,5.96191776974214e-14,1.28211041638305e-09,"Downregulated"
"157","STAC3","ENSG00000185482",-2.17352609443629,2.72381216975921,102.364682439656,1.99189742258778e-19,4.28357540727503e-15,"Downregulated"
"158","LINC02815","ENSG00000236975",-2.17118197901538,1.05059023501426,84.7656738421159,7.64486313082849e-17,1.64402781628467e-12,"Downregulated"
"159","LOC101929572","ENSG00000276888",-2.17022553748651,2.38485020093524,71.2405534830701,9.04412612998033e-15,1.94493932425227e-10,"Downregulated"
"160",NA,"ENSG00000241743",-2.14421797345108,1.08563403764136,45.9055079651559,1.63328638454725e-10,3.51238236996886e-06,"Downregulated"
"161","SCGB3A1","ENSG00000161055",-2.14188322451912,0.916192460133249,59.672360171475,7.09166352674553e-13,1.52506224142663e-08,"Downregulated"
"162","ATP13A4","ENSG00000127249",-2.13979072138718,-1.14378401623325,67.7085760030143,2.67897883585726e-14,5.76114398651103e-10,"Downregulated"
"163","MIPEP","ENSG00000027001",-2.13944926774194,6.75973212322792,108.60965219966,2.6558888999387e-20,5.71148907931818e-16,"Downregulated"
"164","POTEH","ENSG00000198062",-2.13281825262615,1.6913409641644,94.9385614901109,2.34474188760619e-18,5.04236742929712e-14,"Downregulated"
"165","GSTA9P","ENSG00000243236",-2.13205299534062,-1.14603173797486,57.3471117526784,1.43400151612766e-12,3.08382026043254e-08,"Downregulated"
"166",NA,"ENSG00000259561",-2.11993780469218,-1.2269456036681,147.143049886808,1.20162942309419e-25,2.58410407436405e-21,"Downregulated"
"167","LMO7-AS1","ENSG00000261105",-2.11759339949048,0.326198408101162,161.0479657868,7.40455247363795e-27,1.59234900945584e-22,"Downregulated"
"168","STARD13-AS","ENSG00000236581",-2.11425318163239,-1.28345933454496,73.0747331150818,3.37594855234539e-15,7.25997736181875e-11,"Downregulated"
"169","MT1M","ENSG00000205364",-2.1113850071517,3.98048021524278,69.6868811133395,1.58901496012474e-14,3.41717667174824e-10,"Downregulated"
"170","VSTM2A","ENSG00000170419",-2.11077476668643,3.73177621970544,29.5435069047802,1.71027298956419e-07,0.00367794206405778,"Downregulated"
"171",NA,"ENSG00000274204",-2.0921669679478,-1.37403462359818,105.203206147057,3.98700418100103e-20,8.57405249124271e-16,"Downregulated"
"172","MYLK3","ENSG00000140795",-2.08948964613357,0.850339604164667,90.1737252247569,1.21129342523762e-17,2.6048865109735e-13,"Downregulated"
"173",NA,"ENSG00000287656",-2.08067135694688,-0.924171983019307,39.9654530128174,1.82601149096652e-09,3.92683771132349e-05,"Downregulated"
"174","PGC","ENSG00000096088",-2.07890992884202,6.89121202566156,31.5931485769901,6.90758725176494e-08,0.00148547663849205,"Downregulated"
"175","MTCO1P40","ENSG00000262902",-2.07303643073618,3.15624708719447,27.7904453330331,3.74518398975147e-07,0.00805401816996054,"Downregulated"
"176",NA,"ENSG00000261146",-2.06837674893477,-0.924242450672072,46.1680307749558,1.37646038824427e-10,2.96007806491931e-06,"Downregulated"
"177","SRL","ENSG00000185739",-2.06660322704872,1.8524760454282,80.4190483384187,3.37678283378419e-16,7.26177148405289e-12,"Downregulated"
"178",NA,"ENSG00000226242",-2.06269482858516,-0.744972957691064,53.768032560688,6.74207707712982e-12,1.44988367543677e-07,"Downregulated"
"179","ENO3","ENSG00000108515",-2.04944981081805,2.96269011017658,98.5134708371143,7.00029535409426e-19,1.50541351589797e-14,"Downregulated"
"180","SHISA8","ENSG00000234965",-2.04450263503077,-0.138524890283878,105.221782638824,8.86009855883031e-20,1.90536419507646e-15,"Downregulated"
"181","SHISA9","ENSG00000237515",-2.04184084184468,2.56647635103006,36.68947210294,7.58540108357778e-09,0.00016312405030234,"Downregulated"
"182",NA,"ENSG00000224087",-2.03941390101866,0.0666647572948871,104.686765846276,1.05845302513326e-19,2.27620323054908e-15,"Downregulated"
"183","PCGEM1","ENSG00000227418",-2.03898005061816,4.9099494686031,34.0787035806568,2.33274606629428e-08,0.000501657041556584,"Downregulated"
"184",NA,"ENSG00000242741",-2.03650461412347,-0.471111807180159,39.8503381409524,2.00741352916343e-09,4.31694279446595e-05,"Downregulated"
"185","AMTN","ENSG00000187689",-2.02670550016748,-0.369164412822418,69.7331711071551,1.6425045581543e-14,3.53220605231082e-10,"Downregulated"
"186","LOC124901859","ENSG00000199370",-2.02466818965165,1.30970915676629,31.7375190336086,6.52687092602603e-08,0.0014036035926419,"Downregulated"
"187","RAPSN","ENSG00000165917",-2.01419028500309,-1.29783245630222,81.3554208864309,1.68575475806595e-16,3.62521560722083e-12,"Downregulated"
"188","FAR2P3","ENSG00000240253",-2.01375603718234,3.03382957488832,50.2375779204562,2.78197154920192e-11,5.98262981655873e-07,"Downregulated"
"189","ARPP21","ENSG00000172995",-2.0122900502358,-0.71325230523633,58.880477357728,9.26600721190798e-13,1.99265485092081e-08,"Downregulated"
"190","HRC","ENSG00000130528",-2.01112664767225,1.53077056998247,131.619563881118,2.4547198720407e-23,5.27887508482353e-19,"Downregulated"
"191","SLC12A3","ENSG00000070915",-2.00982279793557,-0.551681691235777,72.4363808763309,5.9791047850273e-15,1.28580648402012e-10,"Downregulated"
"192","TNNC2","ENSG00000101470",-2.00370116874553,0.477937935671363,56.2124803234806,2.72571119748783e-12,5.86164193019758e-08,"Downregulated"
"193","POTEF","ENSG00000196604",-2.000155994077,-0.123800723906463,87.0978681475819,3.5703213584589e-17,7.67797608136587e-13,"Downregulated"
"194",NA,"ENSG00000254988",2.00499439666199,1.4290634925125,37.7951349620702,4.77146822406706e-09,0.000102610424158562,"Upregulated"
"195","LOC105370906","ENSG00000259420",2.0271918274938,-0.608332106185746,54.6367307026483,4.50336830538213e-12,9.68449354072427e-08,"Upregulated"
"196",NA,"ENSG00000154198",2.04176621682462,-0.83863579142306,42.6639317213378,5.56257945606897e-10,1.19623271202763e-05,"Upregulated"
"197","VN1R103P","ENSG00000213777",2.04917708406716,2.06035599286291,90.0016230001329,1.22838177640739e-17,2.6416350101641e-13,"Upregulated"
"198",NA,"ENSG00000230061",2.06573684074309,1.72614744264114,38.1591644349887,4.07820988766249e-09,8.77019036341819e-05,"Upregulated"
"199","LAMC2","ENSG00000058085",2.06969940823981,5.78715777466036,113.477727251115,5.72608495838816e-21,1.23139457030137e-16,"Upregulated"
"200","SNTN","ENSG00000188817",2.07399247751608,0.572708020682393,27.9137292096006,3.57695476223697e-07,0.00769224121619059,"Upregulated"
"201","PLA2G2A","ENSG00000188257",2.07833663502362,10.7364542429949,34.41762216783,2.01391346187545e-08,0.000433092089976315,"Upregulated"
"202","SLC22A16","ENSG00000004809",2.07949207076592,-0.49454345710848,59.3170286623517,7.33016195741424e-13,1.57635132894193e-08,"Upregulated"
"203","MCIDAS","ENSG00000234602",2.08771044813123,-0.486937356096374,60.5734142353888,4.53243012719278e-13,9.74699098852807e-09,"Upregulated"
"204","TMEM178A","ENSG00000152154",2.08837379546334,5.75746829422316,55.732788312074,3.15779222407248e-12,6.79083217786787e-08,"Upregulated"
"205","TAFA5","ENSG00000219438",2.09327800274636,3.46168156599884,118.045528613865,1.39491060050205e-21,2.99975524637967e-17,"Upregulated"
"206","C1orf87","ENSG00000162598",2.10235376483612,-1.65496569108037,61.4015040483143,1.70130184097486e-13,3.65864960901645e-09,"Upregulated"
"207","COL9A2","ENSG00000049089",2.10490191898585,8.41431435977944,57.0217747446178,1.91068386153454e-12,4.10892564423003e-08,"Upregulated"
"208","CA8","ENSG00000178538",2.11278453532702,2.68026383830656,80.3858565675454,3.3886830304499e-16,7.28736285698251e-12,"Upregulated"
"209","LY6H","ENSG00000176956",2.12381649872567,-0.347886571054937,36.3777140168358,8.46798811063089e-09,0.000182104084319117,"Upregulated"
"210","LINC00365","ENSG00000224511",2.12655004203666,-1.89488579415438,69.59105876828,5.02450308451991e-15,1.08051938832601e-10,"Upregulated"
"211","REG4","ENSG00000134193",2.12917830398362,3.91320672423566,30.2539369906957,1.24775778913428e-07,0.00268330312553326,"Upregulated"
"212",NA,"ENSG00000257434",2.13181403551218,0.39892253630281,48.1815524584399,6.50151599174552e-11,1.39815101402487e-06,"Upregulated"
"213","BPIFB2","ENSG00000078898",2.14167336299709,3.87804243442427,52.5707152162574,1.09704804502716e-11,2.35920182083091e-07,"Upregulated"
"214",NA,"ENSG00000279082",2.14206788512203,-1.4584840206939,79.8005809726019,1.67005713583959e-16,3.59145787062303e-12,"Upregulated"
"215","BRSK2","ENSG00000174672",2.15930558548893,3.20798851060446,53.9041954033834,6.4859585751712e-12,1.39480539159057e-07,"Upregulated"
"216","IGHD","ENSG00000211898",2.17486844565902,2.58484420281557,30.9716966905945,9.10134440593157e-08,0.00195724411449558,"Upregulated"
"217","MUC12","ENSG00000205277",2.18044059907696,4.60815118204307,28.7789628592323,2.40442862047426e-07,0.00517072374832989,"Upregulated"
"218","F3","ENSG00000117525",2.19039702205758,7.85537443259151,79.6717401207621,4.3251300964982e-16,9.30119227251938e-12,"Upregulated"
"219","SLC5A1","ENSG00000100170",2.19066784342934,5.25111327410976,82.1664019116895,1.79776664582836e-16,3.86609717185388e-12,"Upregulated"
"220","PTPRT-DT","ENSG00000233508",2.20269285043409,-0.670926875061671,40.5637839183949,1.35389089221187e-09,2.91154236370162e-05,"Upregulated"
"221","CACNA1D","ENSG00000157388",2.20420680722027,6.53812575257267,153.075896887728,5.20232227443879e-26,1.11875940511806e-21,"Upregulated"
"222","NRIP3","ENSG00000175352",2.20636588136335,1.9435887747877,50.4175053898738,2.6135548030185e-11,5.62044960389128e-07,"Upregulated"
"223",NA,"ENSG00000231150",2.21330957382953,3.30225844804494,41.0340783312814,1.20550071511959e-09,2.59242928786467e-05,"Upregulated"
"224","NPY4R2","ENSG00000264717",2.2159242543872,-0.071530118232567,54.349021652705,5.37884106894961e-12,1.15671977187761e-07,"Upregulated"
"225","ASIC2","ENSG00000108684",2.22268620251526,1.03645878695456,35.7263639370255,1.16064632361151e-08,0.000249596991892656,"Upregulated"
"226","CHRM3","ENSG00000133019",2.22686329905175,4.74089647414068,55.1314051404052,3.99657248847746e-12,8.59462913647078e-08,"Upregulated"
"227","ADARB2","ENSG00000185736",2.23966199853204,3.08246201717055,75.2759097294186,2.08629910846526e-15,4.48658623275454e-11,"Upregulated"
"228","MARCHF11","ENSG00000183654",2.24032461044069,-0.151360469721221,44.1003946996854,3.30591920753219e-10,7.10937925579798e-06,"Upregulated"
"229","DIP2C-AS2","ENSG00000225140",2.24289698569596,-0.933742166778374,47.1818256035539,7.88052366217709e-11,1.69470661355118e-06,"Upregulated"
"230","BARX1","ENSG00000131668",2.24458562257667,-1.2723670677251,63.4210979378992,9.56970776309866e-14,2.05796565445437e-09,"Upregulated"
"231",NA,"ENSG00000287388",2.24643849557426,-1.40569252559686,53.1319205442515,5.39149687413302e-12,1.15944140278231e-07,"Upregulated"
"232","SULT4A1","ENSG00000130540",2.26371673737262,0.360112180066839,50.9294452700012,2.14582069902189e-11,4.61458741324656e-07,"Upregulated"
"233","ADAM2","ENSG00000104755",2.26734454144887,2.53273881079933,53.6997126746065,7.05901778445859e-12,1.51804177454782e-07,"Upregulated"
"234","INSM1","ENSG00000173404",2.27791233997335,2.95439133312842,87.9475055856495,2.44474595904878e-17,5.25742618493439e-13,"Upregulated"
"235","ADD2","ENSG00000075340",2.28324588544177,2.74194475160725,87.8882762018093,2.50152942684018e-17,5.37953903241982e-13,"Upregulated"
"236","VSIG10L2","ENSG00000283703",2.28992467759476,-1.30315856324473,71.6222170058429,3.78934612487468e-15,8.148988841543e-11,"Upregulated"
"237",NA,"ENSG00000246898",2.29818960427528,2.83004657340971,75.9791354283655,1.62460011932107e-15,3.49370255659995e-11,"Upregulated"
"238","CEACAM5","ENSG00000105388",2.30223281802731,2.64368767377629,30.0043394872663,1.39629217986052e-07,0.00300272633279005,"Upregulated"
"239","KHDRBS3","ENSG00000131773",2.32196720374786,4.98388559525505,170.11059014922,5.36776758053604e-28,1.15433841819428e-23,"Upregulated"
"240","TAC1","ENSG00000006128",2.34535946050191,0.703352058442664,83.3113622115455,1.27362447426826e-16,2.7389294319139e-12,"Upregulated"
"241","KCNN4","ENSG00000104783",2.36479178650811,6.48602155948912,68.3763984266536,2.57638321267001e-14,5.54051209884687e-10,"Upregulated"
"242","LINC02798","ENSG00000227082",2.38609320936465,-0.463175270908467,48.9873079436402,4.13508111471417e-11,8.89249193719283e-07,"Upregulated"
"243","ULBP2","ENSG00000131015",2.39735650234665,0.161554320035048,78.1853573174808,7.27521230801904e-16,1.56453440683949e-11,"Upregulated"
"244","CPLX2","ENSG00000145920",2.3983893083352,1.31027021306552,30.6357531076912,1.0638193637601e-07,0.0022877435417661,"Upregulated"
"245",NA,"ENSG00000279511",2.40233207146582,-0.617408764580058,64.6975889746951,8.0426099548735e-14,1.72956327079555e-09,"Upregulated"
"246","LINC01019","ENSG00000248118",2.40260141697051,-0.0434437860316628,61.0165935092956,3.94568426451259e-13,8.48519401083433e-09,"Upregulated"
"247","NPY4R","ENSG00000204174",2.42182734395918,1.14408049200359,79.3338638804381,5.13196015258208e-16,1.10362803081278e-11,"Upregulated"
"248","INSL5","ENSG00000172410",2.42633212703238,-0.747750706182154,40.2257571257685,1.46011793192871e-09,3.13998361261268e-05,"Upregulated"
"249","GJB6","ENSG00000121742",2.43665036614379,-0.639450970808223,69.0365743164463,1.50261103008262e-14,3.23136502019268e-10,"Upregulated"
"250","SLC24A2","ENSG00000155886",2.45069618497262,0.277529362717363,62.324173968124,2.49866818594339e-13,5.37338593387125e-09,"Upregulated"
"251",NA,"ENSG00000225258",2.45828289064427,-1.07732085268991,86.4419374310022,1.70805316149514e-17,3.67316832379529e-13,"Upregulated"
"252","ARSH","ENSG00000205667",2.46551273377787,-0.19695324839984,119.848476629839,6.19959353661438e-22,1.33322259004892e-17,"Upregulated"
"253","CA10","ENSG00000154975",2.51767581430157,0.396694720649477,37.9296076012762,4.48131311748964e-09,9.63706385916147e-05,"Upregulated"
"254",NA,"ENSG00000225708",2.51823637821478,1.90192091302337,51.2497583759794,1.88269596162329e-11,4.04873766547088e-07,"Upregulated"
"255",NA,"ENSG00000279712",2.52796981004104,-2.298662107229,81.073024620647,2.46216834948763e-17,5.29489303557314e-13,"Upregulated"
"256","KRT20","ENSG00000171431",2.55000413742506,0.799049104986186,30.8867482488913,9.51982903891041e-08,0.00204723923481768,"Upregulated"
"257","DACT2","ENSG00000164488",2.57826854464636,4.8908543904451,83.7550089941133,1.03259415415407e-16,2.22059372850834e-12,"Upregulated"
"258","F5","ENSG00000198734",2.60116432431681,6.85079522983277,111.605581103674,1.02983322509159e-20,2.21465635055946e-16,"Upregulated"
"259",NA,"ENSG00000205212",2.61372226007809,-0.443698931131577,47.914076424497,6.1394584847594e-11,1.32029054714751e-06,"Upregulated"
"260","NKX2-2","ENSG00000125820",2.62376685170193,-0.824579452138118,59.9282440750083,4.08947716309947e-13,8.7944206392454e-09,"Upregulated"
"261","HLA-DMB","ENSG00000242574",2.64723235345079,5.86803229307297,121.173199299767,5.33138398835326e-22,1.14651412669537e-17,"Upregulated"
"262","ADGRF5","ENSG00000069122",2.66816611013687,6.50854888072422,86.162302949675,4.48092201076584e-17,9.63622278415193e-13,"Upregulated"
"263","SLC12A1","ENSG00000074803",2.68478674840352,-0.232456054126774,72.2353847130161,5.05396784120163e-15,1.08685578425041e-10,"Upregulated"
"264","LINC01612","ENSG00000250266",2.68865161387229,-0.320559391691362,38.8264538010996,2.78611977737203e-09,5.99155058123856e-05,"Upregulated"
"265","SERPINA11","ENSG00000186910",2.68931592968118,2.99758371775295,66.1293385873449,5.98835173259081e-14,1.28779504009365e-09,"Upregulated"
"266","HABP2","ENSG00000148702",2.71011567224954,-0.013593510976013,61.6956906055147,2.84922166080549e-13,6.1272511815622e-09,"Upregulated"
"267","TCN1","ENSG00000134827",2.7419530441797,0.805772096106297,41.0281708131354,1.22045391096073e-09,2.62458613552106e-05,"Upregulated"
"268","PAX1","ENSG00000125813",2.76598458772048,1.23075145631959,59.1320274949193,8.72052747883451e-13,1.87534943432336e-08,"Upregulated"
"269","ABCA12","ENSG00000144452",2.76613359222275,0.00909093563760819,61.7213352514768,2.80579572150755e-13,6.03386369910199e-09,"Upregulated"
"270","CADPS","ENSG00000163618",2.7693034483776,4.46692497474069,90.8495112884394,9.03677861832047e-18,1.94335924186982e-13,"Upregulated"
"271","FAM87A","ENSG00000182366",2.77122659426047,-0.774369781833183,146.41212152995,5.25863378021417e-26,1.13086919443506e-21,"Upregulated"
"272","GLDC","ENSG00000178445",2.80109738896428,3.17798681822744,70.1568779807052,1.34600049512456e-14,2.89457406476537e-10,"Upregulated"
"273","SYT13","ENSG00000019505",2.8149251294758,4.28952536532586,73.9139360530159,3.39953289519758e-15,7.31069549112239e-11,"Upregulated"
"274","CD8B2","ENSG00000254126",2.8264475953832,1.51475456535258,112.301546572672,8.99908369126602e-21,1.93525294780676e-16,"Upregulated"
"275","CACNA1B","ENSG00000148408",2.83895664630871,1.68096110519218,85.7578819498684,5.42826510100896e-17,1.16734840997198e-12,"Upregulated"
"276","ALOX15","ENSG00000161905",2.93869268532089,3.47785213309277,87.7570744951789,2.6107876051653e-17,5.61449874490798e-13,"Upregulated"
"277","EPIC1","ENSG00000224271",2.94079856220064,2.08971210876342,91.0654674126642,8.77885894689174e-18,1.88789361652907e-13,"Upregulated"
"278","CST2","ENSG00000170369",2.9587070962223,4.98611055747414,37.0753943546296,6.42252742246382e-09,0.000138116452220084,"Upregulated"
"279","ETV1","ENSG00000006468",2.96008585816337,6.41808177768997,40.9410517467765,1.2518409658645e-09,2.6920839970916e-05,"Upregulated"
"280","IGSF23","ENSG00000216588",2.98218764372068,-1.58633073320222,128.32158477978,1.09989065873364e-24,2.36531486160668e-20,"Upregulated"
"281",NA,"ENSG00000234177",3.00369906622566,-1.42311503257376,74.2783545935016,6.3031656924298e-16,1.35549578215703e-11,"Upregulated"
"282",NA,"ENSG00000286944",3.01569750434055,-1.29870260639271,87.0675702031954,5.21894134830399e-18,1.12233333695277e-13,"Upregulated"
"283","B3GNT6","ENSG00000198488",3.01892277682029,4.32804152903643,42.7465375292725,5.90067838893684e-10,1.26894088754087e-05,"Upregulated"
"284","NKAIN1","ENSG00000084628",3.02758828755829,5.31675076848996,112.314480822019,8.24940889469336e-21,1.77403538280381e-16,"Upregulated"
"285","KIAA0087","ENSG00000122548",3.04629760968373,0.77072257088052,90.1194707676332,1.14151502604974e-17,2.45482806351997e-13,"Upregulated"
"286",NA,"ENSG00000286332",3.04757046040053,3.11941473545299,77.9670720458601,8.02299052978211e-16,1.72534411342964e-11,"Upregulated"
"287","KCNC2","ENSG00000166006",3.04760720757187,5.23484939584876,53.0425386790303,9.09727965940854e-12,1.95636999075581e-07,"Upregulated"
"288","OGDHL","ENSG00000197444",3.06074462261853,4.68305631948514,101.157727516823,2.93377829832341e-19,6.3090902305445e-15,"Upregulated"
"289","CDH7","ENSG00000081138",3.0666160810058,3.40705167030395,169.164666085896,7.0641496005427e-28,1.51914537159671e-23,"Upregulated"
"290","GREM1-AS1","ENSG00000259721",3.07624849827199,0.527799349783458,92.9299635487276,4.0386283002052e-18,8.68507015959127e-14,"Upregulated"
"291","SLC18A3","ENSG00000187714",3.10042824897138,-0.118792975440647,50.1623010343617,2.34895215213566e-11,5.05142160316774e-07,"Upregulated"
"292","WFDC5","ENSG00000175121",3.13638466268043,1.40405347179277,37.4984286282668,5.43368632999499e-09,0.000116851424526542,"Upregulated"
"293","KRT75","ENSG00000170454",3.13698273274048,-0.923693836155776,73.7283198569959,1.16610046176088e-15,2.50769904301677e-11,"Upregulated"
"294","SLCO1B3","ENSG00000111700",3.15905730996212,0.897343733587494,59.1857153503277,8.23837294012934e-13,1.77166210077482e-08,"Upregulated"
"295","KCNG3","ENSG00000171126",3.2266299173732,2.60523725917935,155.589283039089,2.82187705439914e-26,6.06844660548535e-22,"Upregulated"
"296","LINC00898","ENSG00000205634",3.2409561337427,-2.598814105355,117.848653930609,6.15112257437165e-23,1.32279890961862e-18,"Upregulated"
"297","EML6","ENSG00000214595",3.26689426914659,3.10532074974428,162.569349651475,4.14940695574595e-27,8.92329965833166e-23,"Upregulated"
"298","FOXB2","ENSG00000204612",3.39075334463402,0.0722423879292639,101.535906076133,1.28094269641741e-19,2.75466726864564e-15,"Upregulated"
"299","KCNH8","ENSG00000183960",3.39584746590267,2.96614610443282,188.534471971814,5.26106481036051e-30,1.13139198746803e-25,"Upregulated"
"300","FREM3","ENSG00000183090",3.41638972502294,-0.0658750523587048,60.678419086203,3.09258639863623e-13,6.65060705026721e-09,"Upregulated"
"301","LINC02418","ENSG00000214039",3.51334369318284,2.45472064649826,110.859257343318,1.39559354672e-20,3.00122392222137e-16,"Upregulated"
"302","TUNAR","ENSG00000250366",3.57932137508318,0.512779001718288,68.665251081379,1.82920462772844e-14,3.93370455193001e-10,"Upregulated"
"303","GP2","ENSG00000169347",3.58208441431987,7.08636944150451,91.4908532233669,7.26269859922475e-18,1.56184333376328e-13,"Upregulated"
"304","AGT","ENSG00000135744",3.63101615012947,6.27343035116111,66.1629394225899,5.87007308660264e-14,1.2623592172739e-09,"Upregulated"
"305","SCHLAP1","ENSG00000281131",3.64511429130482,3.30656847847701,83.2179585546441,1.27233450392857e-16,2.7361553506984e-12,"Upregulated"
"306","LOC124906209","ENSG00000235978",3.7796732613504,0.929705446149942,69.8619254182719,1.28828059334852e-14,2.770447415996e-10,"Upregulated"
"307","SLC44A5","ENSG00000137968",3.80203878743121,3.76787662330139,129.15302522307,4.98400583379296e-23,1.07181045455718e-18,"Upregulated"
"308","GRIN3A","ENSG00000198785",3.85055561165648,5.44641538151327,119.748022095929,8.25494914292876e-22,1.77522681318683e-17,"Upregulated"
"309","ADGRF1","ENSG00000153292",3.88604518580568,5.14874563523646,93.2395648216306,4.03984517256589e-18,8.68768704360295e-14,"Upregulated"
"310","COL2A1","ENSG00000139219",3.88608851273502,6.95135668806511,50.9248973905053,2.1105767698711e-11,4.53879534360781e-07,"Upregulated"
"311",NA,"ENSG00000227482",4.09127261365938,-0.923854643025875,265.3642396455,5.45326628151455e-43,1.1727249138397e-38,"Upregulated"
"312","GRM7","ENSG00000196277",4.09449423155224,2.24592523272247,94.0096854119345,3.28523715820741e-18,7.06490250872505e-14,"Upregulated"
"313","CDC20B","ENSG00000164287",4.11471728439407,2.88136063232472,48.2840032485477,6.22254248157573e-11,1.33815776066286e-06,"Upregulated"
"314","ETV4","ENSG00000175832",4.20350765424235,5.96089609097271,44.605026247984,2.73608303284334e-10,5.88394656212961e-06,"Upregulated"
"315","ERG","ENSG00000157554",4.27053409070862,7.53280382126487,218.130632201172,4.05922087290192e-33,8.72935448717557e-29,"Upregulated"
"316","ATP12A","ENSG00000075673",4.45219963479167,2.66693273644733,100.964108638661,3.32805847772561e-19,7.15698975634892e-15,"Upregulated"
"317","ANKRD34B","ENSG00000189127",4.55632151729595,3.82813183746055,138.381067590934,3.49173825283932e-24,7.50898311273096e-20,"Upregulated"
"318","HNRNPA1P57","ENSG00000237442",4.63235375453747,2.00237621579449,82.9174177409539,1.26551974097281e-16,2.72150020296202e-12,"Upregulated"
"319",NA,"ENSG00000287550",4.65074308413113,1.23277598497667,95.2434731833829,1.04033502944407e-18,2.23724048081947e-14,"Upregulated"
"320","GDA","ENSG00000119125",4.68446476700982,1.18627863877127,118.290239960373,4.45661743877981e-22,9.58395580209599e-18,"Upregulated"
"321","LINC03095","ENSG00000233760",4.75911508025979,3.08710829899753,185.588824169751,1.19039595146923e-29,2.55994649363458e-25,"Upregulated"
"322","PCAT5","ENSG00000280719",4.99804787100027,-0.00850784628070656,197.572501310091,1.2851888121266e-34,2.76379854047825e-30,"Upregulated"
"323","TDO2","ENSG00000151790",6.9158915486692,4.04360116160362,142.431429144638,7.02967400971405e-25,1.51173139578901e-20,"Upregulated"
"324","CGA","ENSG00000135346",6.94672842889348,3.7412713960293,115.414998092459,1.74701843358478e-21,3.75696314142407e-17,"Upregulated"
